Word,Phonetic,Meanings,Examples

about,ÈôÎàbaÍöt,"null - on the subject of; concerning.. used to indicate movement within a particular area.. used to express location in a particular place.. null - used to indicate movement within an area.. used to express location in a particular place.. (used with a number or quantity) approximately.. ","i was thinking about you;she looked about the room;rugs were strewn about the hall;men were floundering about;there was a lot of flu about;reduced by about 5 per cent;"

adventure,ÈôdÎàvÈõntÍÉÈô,"null - an unusual and exciting or daring experience.. null - engage in daring or risky activity.. ","her recent adventures in italy;they had adventured into the forest;"

all,ÈîÎêl,"null - used to refer to the whole quantity or extent of a particular group or thing.. null - completely.. (in games) used after a number to indicate an equal score.. ","all the people i met;dressed all in black;after extra time it was still two all;"
all,null,"null - albanian lek(s).. ","null;"

also,ÎàÈîÎêlsÈôÍö,"null - in addition; too.. ","a brilliant linguist, he was also interested in botany;"

and,Èônd,"null - used to connect words of the same part of speech, clauses, or sentences, that are to be taken jointly.. used to introduce an additional comment or interjection.. used after some verbs and before another verb to indicate intention, instead of ‚ê?to‚êô.. null - a boolean operator which gives the value one if and only if all the operands are one, and otherwise has a value of zero.. ","bread and butter;if it came to a choice‚êîand this was the worst thing‚êîshe would turn her back on her parents;i would try and do what he said;null;"
-and,and,"null - (forming nouns) denoting a person or thing to be treated in a specified way.. ","analysand;"
and,null,"null - andorra (international vehicle registration).. ","null;"

any,ÎàÈõni,"null - used to refer to one or some of a thing or number of things, no matter how much or how many.. used to express a lack of restriction in selecting one of a specified class.. null - one or some of a thing or number of things, no matter how much or how many.. whichever of a specified class might be chosen.. null - at all; in some degree (used for emphasis).. ","i don't have any choice;these constellations are visible at any hour of the night;someone asked him for a match, but joe didn't have any;the illness may be due to any of several causes;he wasn't any good at basketball;"

are,ÈëÎê,"null - second person singular present and first, second, third person plural present of be.. ","null;"
are,ÈëÎê,"null - a metric unit of measurement, equal to 100 square metres.. ","null;"
be,biÎê,"null - exist.. occur; take place.. having the state, quality, identity, nature, role, etc., specified.. say.. null - used with a present participle to form continuous tenses.. used with a past participle to form the passive voice.. used to indicate something that is due or destined to happen.. used with the past participle of intransitive verbs to form perfect tenses.. ","there are no easy answers;the exhibition will be in november;amy was 91;last time i saw her she was all ‚ê?you need to quit smoking!‚êô;they are coming;it was done;construction is to begin next summer;i am returned;"

at,at,"null - expressing location or arrival in a particular place or position.. expressing the time when an event takes place.. denoting a particular point or level on a scale.. expressing a particular state or condition.. expressing the object of a look, thought, action, or plan.. expressing the means by which something is done.. ","they live at conway house;the children go to bed at nine o'clock;prices start at ‚º18,500;his ready smile put her at ease;i looked at my watch;holding a prison officer at knifepoint;"
at,ÈëÎêt,"null - a monetary unit of laos, equal to one hundredth of a kip.. ","null;"
at-,at,"null - variant spelling of ad- assimilated before t (as in attend, attenuate ).. ","null;"
at,null,"null - the chemical element astatine.. ","null;"
astatine,ÎàastÈôtiÎên,"null - the chemical element of atomic number 85, a radioactive member of the halogen group. astatine was first produced by bombarding bismuth with alpha particles, and it occurs in traces in nature as a decay product.. ","null;"

be,biÎê,"null - exist.. occur; take place.. having the state, quality, identity, nature, role, etc., specified.. say.. null - used with a present participle to form continuous tenses.. used with a past participle to form the passive voice.. used to indicate something that is due or destined to happen.. used with the past participle of intransitive verbs to form perfect tenses.. ","there are no easy answers;the exhibition will be in november;amy was 91;last time i saw her she was all ‚ê?you need to quit smoking!‚êô;they are coming;it was done;construction is to begin next summer;i am returned;"
be-,bi,"null - (forming verbs) all over; all round.. (added to intransitive verbs) expressing transitive action.. (added to adjectives and nouns) expressing transitive action.. (added to nouns) affect with.. (forming adjectives ending in -ed ) having; covered with.. ","bespatter;bemoan;befool;befog;bejewelled;"
be,null,"null - the chemical element beryllium.. ","null;"
be,null,"null - bachelor of education.. bachelor of engineering.. bill of exchange.. ","null;null;null;"
beryllium,bÈôÎàrÈ∫lÈ∫Èôm,"null - the chemical element of atomic number 4, a hard grey metal.. ","null;"

before,bÈ∫ÎàfÈîÎê,"null - during the period of time preceding a particular event or time.. in front of someone or something.. null - in advance of the time when.. in preference to (doing a particular thing).. null - during the period of time preceding (a particular event or time).. in front of.. in preference to; rather than.. ","my playing days had ended six years before;they began trotting through the city with guards running before and behind;they lived rough for four days before they were arrested;they would die before they would cooperate with each other;she had to rest before dinner;matilda stood before her, panting;a skilled warrior who places duty before all else;"

bottom,ÎàbÈítÈôm,"null - the lowest point or part of something.. a person's buttocks.. stamina or strength of character.. a man who takes the passive role in anal intercourse with another man.. null - in the lowest position.. denoting a flavour (variety) of unstable quark having an electric charge of - 1/3. bottom quarks have similar properties to down quarks and strange quarks, but are distinguished from them by having a larger mass.. null - (of a situation) reach the lowest point before stabilizing or improving.. (of a ship) reach or touch the ground under the sea.. ","the bottom of the page;he climbs the side of the gorge, scratching his bottom unselfconsciously;whatever his faults, he possesses that old-fashioned quality‚êîbottom;null;the books on the bottom shelf;null;encouraging signs suggested the recession was bottoming out;nuclear submarines cannot bottom;"

by,bÍúÈ∫,"null - identifying the agent performing an action.. indicating the means of achieving something.. indicating the amount or size of a margin.. indicating a deadline or the end of a particular time period.. indicating location of a physical object beside a place or object.. indicating the period in which something happens.. concerning; according to.. used in mild oaths.. null - so as to go past.. null - variant spelling of bye1.. ","null;malaria can be controlled by attacking the parasite;the shot missed her by miles;i've got to do this report by monday;remains were discovered by the roadside;this animal always hunts by night;anything you do is all right by me;it was the least he could do, by god;a car flashed by on the other side of the road;null;"
by-,bÍúÈ∫,"null - subordinate; incidental; secondary.. ","by-election;"
bye,bÍúÈ∫,"null - the transfer of a competitor directly to the next round of a competition in the absence of an assigned opponent.. a run scored from a ball that passes the batsman without being hit (recorded as an extra, not credited to the individual batsman).. one or more holes remaining unplayed after a match has been decided.. ","he has a bye into the second round;null;null;"

can,kan,"null - be able to.. be permitted to.. used to request someone to do something.. ","they can run fast;you can use the phone if you want to;can you open the window?;"
can,kan,"null - a cylindrical metal container.. prison.. the toilet.. headphones.. a woman's breasts.. null - preserve (food) in a can.. dismiss from a job.. ","a petrol can;our friends will get a year or two in the can;she walks in and has to use the can;null;null;sardines and anchovies are worth the extra money if canned in olive oil;he was canned because of a tiff over promotion;"
can.,null,"null - canada or canadian.. ","null;"

change,tÍÉeÈ∫n(d)Íí,"null - make (someone or something) different; alter or modify.. replace (something) with something else, especially something of the same kind that is newer or better; substitute one thing for (another).. put different clothes on.. move to a different train, bus, etc.. null - an act or process through which something becomes different.. coins as opposed to banknotes.. an order in which a peal of bells can be rung.. a place where merchants met to do business.. ","both parties voted against proposals to change the law;she decided to change her name;he changed for dinner;we had to change at rugby;the change from a nomadic to an agricultural society;a handful of loose change;null;null;"

change,tÍÉeÈ∫n(d)Íí,"null - make (someone or something) different; alter or modify.. replace (something) with something else, especially something of the same kind that is newer or better; substitute one thing for (another).. put different clothes on.. move to a different train, bus, etc.. ","both parties voted against proposals to change the law;she decided to change her name;he changed for dinner;we had to change at rugby;"

check,tÍÉÈõk,"null - examine (something) in order to determine its accuracy, quality, or condition, or to detect the presence of something.. stop or slow the progress of (something, typically something undesirable).. (of a passenger) consign (baggage) to the care of the transport provider with whom they are travelling.. mark or click on (a box) in order to select a particular option on a form, questionnaire, etc.. move a piece or pawn to a square where it attacks (the opposing king).. (in poker) choose not to make a bet when called upon, allowing another player to do so instead.. (of a hound) pause to make sure of or regain a scent.. null - an examination to test or ascertain accuracy, quality, or satisfactory condition.. a stopping or slowing of progress.. a move by which a piece or pawn directly attacks the opponent's king and by which the king may be checkmated.. us spelling of cheque.. a token of identification for left luggage.. a counter used as a stake in a gambling game.. another term for tick1 (sense 1 of the noun).. a part of a piano which catches the hammer and prevents it retouching the strings.. a crack or flaw in timber.. null - expressing assent or agreement.. used by a chess player to announce that the opponent's king has been placed in check.. ","customs officers have the right to check all luggage;efforts were made to check the disease;i checked my bag and got my boarding pass;users who want privacy should check the box that prevents your files from being shared;he moves his knight to check my king again;null;null;a campaign calling for regular checks on gas appliances;there was no check to the expansion of the market;null;null;null;null;null;null;null;null;null;"
check,tÍÉÈõk,"null - a pattern of small squares.. null - having a checked pattern.. ","a fine black-and-white check;a blue check t-shirt;"
cheque,tÍÉÈõk,"null - an order to a bank to pay a stated sum from the drawer's account, written on a specially printed form.. ","they presented him with a cheque for ‚º4,000;"

copyright,ÎàkÈípÈ∫rÍúÈ∫t,"null - the exclusive and assignable legal right, given to the originator for a fixed number of years, to print, publish, perform, film, or record literary, artistic, or musical material.. null - protected by copyright.. null - secure copyright for (material).. ","he issued a writ for breach of copyright;permission to reproduce photographs and other copyright material;he refused to copyright his music, insisting that anyone be able to use it;"

country,ÎàkÍúntri,"null - a nation with its own government, occupying a particular territory.. districts and small settlements outside large urban areas or the capital.. an area or region with regard to its physical features.. short for country music.. ","the country's increasingly precarious economic position;the airfield is right out in the country;a tract of wild country;null;"

do,duÎê,"null - perform (an action, the precise nature of which is often unspecified).. achieve or complete.. act or behave in a specified way.. be suitable or acceptable.. beat up or kill.. null - used before a verb (except be, can, may, ought, shall, will ) in questions and negative statements.. used to refer back to a verb already mentioned.. used to give emphasis to a positive verb.. used with inversion of a subject and verb when an adverbial phrase begins a clause for emphasis.. null - a party or other social event.. short for hairdo.. excrement.. a swindle or hoax.. ","very little work has been done in this field;i never really got the chance to finish school or do my exams;they are free to do as they please;if he's anything like you, he'll do;one day i'll do him;do you have any pets?;he looks better than he did before;i do want to act on this;only rarely did they succumb;the soccer club christmas do;a bowl-shaped do of perfect silky hair;the air was rancid with the smell of donkey doo;null;"
do,dÈôÍö,"null - variant spelling of doh1.. ","null;"
do.,ÎàdÈ∫tÈôÍö,"null - ditto.. ","null;"
doh,dÈôÍö,"null - (in tonic sol-fa) the first and eighth note of a major scale.. ","null;"

donation,dÈô(Íö)ÎàneÈ∫ÍÉ(Èô)n,"null - something that is given to a charity, especially a sum of money.. ","please send your donation of ‚º20 to the disaster appeal;"

download,daÍönÎàlÈôÍöd,"null - copy (data) from one computer system to another, typically over the internet.. ","it would be wise to download your program to another computer before testing it;"

edit,ÎàÈõdÈ∫t,"null - prepare (written material) for publication by correcting, condensing, or otherwise modifying it.. be editor of (a newspaper or magazine).. alter (a gene or other nucleotide sequence) by the insertion, deletion, or replacement of one or more nucleotides.. null - a change or correction made as a result of editing.. ","volume i was edited by j. johnson;he began to edit the magazine in 1923;in recent years, scientists have sought more precise ways to edit the genome;the system has no word wrap feature‚êîso even small edits involved extensive rekeying;"

file,fÍúÈ∫l,"null - a folder or box for holding loose papers together and in order for easy reference.. a number of issues and responsibilities relating to a particular policy area.. null - place (a document) in a cabinet, box, or folder in a particular order.. ","a file of correspondence;what progress has the prime minister made on the unity file?;the contract, when signed, is filed;"
file,fÍúÈ∫l,"null - a line of people or things one behind another.. null - (of a group of people) walk one behind the other, typically in an orderly and solemn manner.. ","files of tourists stream up the narrow lanes of mont st michel;the mourners filed into the church;"
file,fÍúÈ∫l,"null - a tool with a roughened surface or surfaces, typically of steel, used for smoothing or shaping a hard material.. null - smooth or shape with a file.. ","null;never file your nails from the centre to the sides;"
fil„©,ÎàfiÎêleÈ∫,"null - pounded or powdered sassafras leaves used to flavour and thicken soup, especially gumbo.. ","null;"

find,fÍúÈ∫nd,"null - discover or perceive by chance or unexpectedly.. identify (something) as being present.. reach or arrive at by a natural or normal process.. null - a discovery of something valuable, typically something of archaeological interest.. ","lindsey looked up to find neil watching her;vitamin b12 is found in dairy products;water finds its own level;he made his most spectacular finds in the valley of the kings;"

first,fÈôÎêst,"null - coming before all others in time or order; earliest; 1st.. foremost in position, rank, or importance.. with a specified part or person in a leading position.. ","his first wife;the doctor's first duty is to respect this right;the car plunged nose first into the river;"

header,ÎàhÈõdÈô,"null - a shot or pass made with the head.. a headlong fall or dive.. a brick or stone laid at right angles to the face of a wall.. a line or block of text appearing at the top of each page of a book or document.. a raised tank of water maintaining pressure in a plumbing system.. a person who ropes a steer by its head (as opposed to its heels), especially in a team-roping rodeo event.. a mad or foolish person.. ","null;null;null;null;null;the steer ran straight and the header made a good catch;null;"

holm,hÈôÍöm,"null - an islet, especially in a river or near a mainland.. a piece of flat ground by a river which is submerged in times of flood.. ","null;null;"

how,haÍö,"null - in what way or manner; by what means.. used to ask about the condition or quality of something.. used to ask about the extent or degree of something.. the way in which; that.. ","how does it work?;how was your holiday?;how old are you?;she told us how she had lived out of a suitcase for a week;"
how,haÍö,"null - a greeting attributed to north american indians (used in humorous imitation).. ","null;"

important,È∫mÎàpÈîÎêt(Èô)nt,"null - of great significance or value.. ","important habitats for wildlife;"

in,È∫n,"null - expressing the situation of something that is or appears to be enclosed or surrounded by something else.. expressing a period of time during which an event happens or a situation remains the case.. expressing the length of time before a future event is expected to happen.. (often followed by a noun without a determiner) expressing a state or condition.. expressing inclusion or involvement.. indicating someone's occupation or profession.. indicating the language or medium used.. as an integral part of (an activity).. expressing a value as a proportion of (a whole).. null - expressing movement with the result that someone or something becomes enclosed or surrounded by something else.. expressing the situation of being enclosed or surrounded by something.. expressing arrival.. (of the tide) rising or at its highest level.. null - present at one's home or office.. fashionable.. (of the ball in tennis and similar games) landing within the designated playing area.. batting.. null - a position of influence with someone powerful or famous.. ","i'm living in london;they met in 1885;i'll see you in fifteen minutes;to be in love;i read it in a book;she works in publishing;say it in french;in planning public expenditure it is better to be prudent;a local income tax running at six pence in the pound;come in;we were locked in;the train got in very late;null;we knocked at the door but there was no one in;pastels and light colours are in this year;null;which side is in?;she got an in with the promising new artist;"
in.,null,"null - inch(es).. ","null;"
in-,È∫n,"null - (added to adjectives) not.. (added to nouns) without; a lack of.. ","infertile;inappreciation;"
-in,È∫n,"null - forming names of organic compounds, pharmaceutical products, proteins, etc.. ","insulin;"
in-,È∫n,"null - in; into; towards; within.. ","induce;"
-in,È∫n,"null - denoting a gathering of people having a common purpose, typically as a form of protest.. ","sit-in;"
in,null,"null - the chemical element indium.. ","null;"
in,null,"null - indiana (in official postal use).. ","null;"
indium,ÎàÈ∫ndÈ∫Èôm,"null - the chemical element of atomic number 49, a soft silvery-white metal occurring naturally in association with zinc and some other metals.. ","null;"

included,È∫nÎàkluÎêdÈ∫d,"null - contained as part of a whole being considered.. ","all of europe (britain included);"
include,È∫nÎàkluÎêd,"null - comprise or contain as part of a whole.. make part of a whole or set.. ","the price includes dinner, bed, and breakfast;we have included some hints for beginners in this section;"

information,È∫nfÈôÎàmeÈ∫ÍÉ(Èô)n,"null - facts provided or learned about something or someone.. what is conveyed or represented by a particular arrangement or sequence of things.. ","a vital piece of information;genetically transmitted information;"

is.,null,"null - isaiah (in biblical references).. island(s).. isle(s).. ","null;null;null;"
is,ÎúÍúÈ∫ÎàÈõs,"null - short for islamic state.. ","null;"
is,null,"null - iceland (international vehicle registration).. ","null;"
be,biÎê,"null - exist.. occur; take place.. having the state, quality, identity, nature, role, etc., specified.. say.. null - used with a present participle to form continuous tenses.. used with a past participle to form the passive voice.. used to indicate something that is due or destined to happen.. used with the past participle of intransitive verbs to form perfect tenses.. ","there are no easy answers;the exhibition will be in november;amy was 91;last time i saw her she was all ‚ê?you need to quit smoking!‚êô;they are coming;it was done;construction is to begin next summer;i am returned;"
i,ÍúÈ∫,"null - the ninth letter of the alphabet.. the roman numeral for one.. ","null;null;"

law,lÈîÎê,"null - the system of rules which a particular country or community recognizes as regulating the actions of its members and which it may enforce by the imposition of penalties.. ","shooting the birds is against the law;"
law,lÈîÎê,"null - a hill, typically one that is round or conical in shape.. ","i had a lovely walk up north berwick law today;"

make,meÈ∫k,"null - form (something) by putting parts together or combining substances; create.. cause (something) to exist or come about; bring about.. compel (someone) to do something.. constitute; amount to.. gain or earn (money or profit).. manage to arrive at (a place) within a specified time or catch (a train or other form of transport).. prepare to go in a particular direction.. induce (someone) to have sex with one.. (in bridge, whist, etc.) win (a trick).. (of the tide) begin to flow or ebb.. null - the manufacturer or trade name of a product.. the making of electrical contact.. ","my grandmother made a dress for me;the drips had made a pool on the floor;she bought me a brandy and made me drink it;they made an unusual duo;he'd made a lot of money out of hardware;we've got a lot to do if you're going to make the shuttle;he struggled to his feet and made towards the car;he had been trying to make cynthia for two years now;null;null;the make, model, and year of his car;null;"

may,meÈ∫,"null - expressing possibility.. used to ask for or to give permission.. expressing a wish or hope.. ","that may be true;you may confirm my identity with your case officer, if you wish;may she rest in peace;"
may,meÈ∫,"null - the hawthorn or its blossom.. ","null;"
may,meÈ∫,"null - the fifth month of the year, in the northern hemisphere usually considered the last month of spring.. ","the new model makes its showroom debut in may;"

not,nÈít,"null - used with an auxiliary verb or ‚ê?be‚êô to form the negative.. used as a short substitute for a negative clause.. used to express the negative of other words.. used in understatements to suggest that the opposite of a following word or phrase is true.. null - a boolean operator with only one variable that has the value one when the variable is zero and vice versa.. null - (of paper) not hot-pressed, and having a slightly textured surface.. ","he would not say;maybe i'll regret it, but i hope not;not a single attempt was made;the not too distant future;null;null;"

of,Èív,"null - expressing the relationship between a part and a whole.. expressing the relationship between a scale or measure and a value.. indicating an association between two entities, typically one of belonging, in which the first is the head of the phrase and the second is something associated with it.. expressing the relationship between a direction and a point of reference.. expressing the relationship between a general category or type and the thing being specified which belongs to such a category.. following a noun derived from or related to a verb.. where the head of the phrase is a predicative adjective.. indicating the relationship between a verb and an indirect object.. indicating the material or substance constituting something.. expressing time in relation to the following hour.. ","null;an increase of 5%;the son of a friend;north of watford;the city of prague;null;it was kind of you to ask;null;the house was built of bricks;it would be just a quarter of three in new york;"
of-,Èíf,"null - variant spelling of ob- assimilated before f (as in offend ).. ","null;"

or,ÈîÎê,"null - used to link alternatives.. introducing a synonym or explanation of a preceding word or phrase.. otherwise (used to introduce the consequences of something not being done or not being the case).. introducing an afterthought, usually in the form of a question.. either.. null - a logical operation which gives the value one if at least one operand has the value one, and otherwise gives a value of zero.. ","a cup of tea or coffee;yoga is a series of postures, or asanas;hurry up, or you'll miss it all;john's indifference‚êîor was it?‚êîleft her unsettled;to love is the one way to know or god or man;null;"
or,ÈîÎê,"null - gold or yellow, as a heraldic tincture.. ","a bend or;"
-or,Èô,"null - (forming nouns) denoting a person or thing performing the action of a verb, or denoting another agent.. ","escalator;"
-or,Èô,"null - forming adjectives expressing a comparative sense.. ","junior;"
-or,Èô,"null - forming nouns denoting a state or condition.. ","error;"
or,null,"null - operational research.. oregon (in official postal use).. other ranks (as opposed to commissioned officers).. ","null;null;null;"

other,ÎàÍú„∞Èô,"null - denoting a person or thing that is different or distinct from one already mentioned or known about.. further; additional.. null - a person or thing that is different or distinct from one already mentioned or known about.. a further or additional person or thing of the type aleady mentioned.. used euphemistically to refer to sex.. that which is distinct from, different from, or opposite to something or oneself.. null - view or treat (a person or group of people) as intrinsically different from and alien to oneself.. ","stick the camera on a tripod or some other means of support;one other word of advice;a language unrelated to any other;he is the author of five books and collaborated on three others;a bit of the other;she needs to escape the tyranny of the other;a critique of the ways in which the elderly are othered by society;"

our,aÍöÈô,"null - belonging to or associated with the speaker and one or more other people previously mentioned or easily identified.. used in formal contexts by a royal person or a writer or editor to refer to something belonging to or associated with himself or herself.. used with a name to refer to a relative, friend, or colleague of the speaker.. ","jo and i had our hair cut;we want to know what you, our readers, think;really, she is a one, our gillian;"
-our,Èô,"null - variant spelling of -or1 (as in saviour ).. ","null;"
-our,Èô,"null - variant spelling of -or2 surviving in some nouns such as ardour, colour.. ","null;"

out,aÍöt,"null - moving or appearing to move away from a particular place, especially one that is enclosed or hidden.. situated far or at a particular distance from somewhere.. away from home.. so as to be revealed or known.. at or to an end.. (of a light or fire) so as to be extinguished or no longer burning.. no longer involved in a situation, competition, or activity.. (of a jury) considering its verdict in secrecy.. null - non-standard contraction of out of.. null - not at home or at one's place of work.. revealed or made public.. (of a flower) in bloom; open.. no longer alight; extinguished.. at an end.. not possible or worth considering.. in a state of unconsciousness.. mistaken; in error.. (of the ball in tennis and similar games) outside the designated playing area.. no longer batting or at bat; having had one's innings or at bat ended by the fielding side.. null - a way of escaping from a problem or dilemma.. an act of putting a player out.. the political party not in office.. null - reveal the sexual or gender identity of (a person).. expel, reject, or dismiss.. extinguish.. become known; emerge.. ","he walked out into the street;an old farmhouse right out in the middle of nowhere;he's gone out;find out what you can;the romance fizzled out;at ten o'clock the lights went out;oxford united are out of the fa cup;null;he ran out the door;if he called, she'd pretend to be out;the secret was soon out;null;the fire was nearly out;school was out for the summer;a trip to the seaside is out for a start;null;he was slightly out in his calculations;null;england were all out for 159;he was desperately looking for an out;null;null;null;they had outed asquith quite easily;out the lamp when you're ready;the truth will out;"
out-,aÍöt,"null - to the point of surpassing or exceeding.. external; separate; from outside.. away from; outward.. ","outfight;outbuildings;outbound;"

over,ÎàÈôÍövÈô,"null - extending directly upwards from.. at a higher level or layer than.. higher or more than (a specified number or quantity).. expressing passage or trajectory across.. expressing duration.. expressing the medium by which something is done; by means of.. on the subject of.. null - expressing passage or trajectory across an area.. beyond and falling or hanging from a point.. used to express action and result.. used to express repetition of a process.. null - a sequence of six balls bowled by a bowler from one end of the pitch, after which another bowler takes over from the other end.. ","i saw flames over berlin;his flat was over the shop;over 40 degrees c;she trudged over the lawn;you've given us a lot of heartache over the years;a voice came over the loudspeaker;a long and heated debate over unemployment;he leant over and tapped me on the hand;she knocked the jug over;the car flipped over;the jukebox plays every song twice over;null;"
over-,ÎàÈôÍövÈô,"null - excessively; to an unwanted degree.. upper; outer; extra.. ","overambitious;overcoat;"

please,pliÎêz,"null - cause to feel happy and satisfied.. take only one's own wishes into consideration in deciding how to act or proceed.. null - used in polite requests or questions.. ","he arranged a fishing trip to please his son;this is the first time in ages that i can just please myself;please address letters to the editor;"

project,null,"null - an individual or collaborative enterprise that is carefully planned to achieve a particular aim.. a government-subsidized housing development with relatively low rents.. null - estimate or forecast (something) on the basis of present trends or data.. extend outwards beyond something else; protrude.. throw or cause to move forward or outward.. present or promote (a particular view or image).. draw straight lines through (a given figure) to produce a corresponding figure on a surface or a line.. make a projection of (the earth, sky, etc.) on a plane surface.. ","a research project;her family still lives in the projects;spending was projected at ‚º72,900 million;i noticed a slip of paper projecting from the book;seeds are projected from the tree;he strives to project an image of youth;null;null;"

read,riÎêd,"null - look at and comprehend the meaning of (written or printed matter) by interpreting the characters or symbols of which it is composed.. discover (information) by reading it in a written or printed source.. understand or interpret the nature or significance of.. inspect and record the figure indicated on (a measuring instrument).. study (an academic subject) at a university.. (of a computer) copy, transfer, or interpret (data).. present (a bill or other measure) before a legislative assembly.. hear and understand the words of (someone speaking on a radio transmitter).. null - a period or act of reading something.. null - having a specified level of knowledge as a result of reading.. having a readership of a specified extent.. ","it's the best novel i've ever read;he was arrested yesterday‚êîi read it in the paper;he didn't dare look away, in case this was read as a sign of weakness;i've come to read the gas meter;i'm reading english at cambridge;it attempts to read a floppy disk without regard to its format;the bill was accordingly read a second time;‚ê?do you read me? over.‚êô;i was having a quiet read of the newspaper;ada was well read in french literature;it is still a widely read newspaper;"

redistribute,ÎúriÎêdÈ∫ÎàstrÈ∫bjuÎêt,"null - distribute (something) differently or again, typically to achieve greater social equality.. ","their primary concern was to redistribute income from rich to poor;"

remove,rÈ∫ÎàmuÎêv,"null - take (something) away or off from the position occupied.. abolish or get rid of.. be distant from.. null - a degree of remoteness or separation.. a form or division in some british schools.. ","customs officials removed documents from the premises;exchange controls have finally been removed;it is an isolated place, far removed from the london art world;at this remove, the whole incident seems insane;a member of the fifth remove;"

restriction,rÈ∫ÎàstrÈ∫kÍÉ(Èô)n,"null - a limiting condition or measure, especially a legal one.. ","planning restrictions on commercial development;"

right,rÍúÈ∫t,"null - that which is morally correct, just, or honourable.. a moral or legal entitlement to have or do something.. the right-hand part, side, or direction.. a group or party favouring conservative or reactionary views.. null - restore to a normal or upright position.. restore to a normal or correct state.. ","she doesn't understand the difference between right and wrong;she had every right to be angry;take the first turning on the right;the right got in at the election;we righted the capsized dinghy;righting the economy demanded major cuts in defence spending;"

seen,siÎên,"null - past participle of see1.. null - said as an expression of approval or agreement, or when seeking confirmation of an utterance.. ","null;you will get far, jus' stay on the right track, seen?;"
see,siÎê,"null - perceive with the eyes; discern visually.. discern or deduce after reflection or from information; understand.. experience or witness (an event or situation).. meet (someone one knows) socially or by chance.. escort or conduct (someone) to a specified place.. ensure.. (in poker or brag) equal the bet of (an opponent) and require them to reveal their cards in order to determine who has won the hand.. ","in the distance she could see the blue sea;i can't see any other way to treat it;i shall not live to see it;i saw colin last night;don't bother seeing me out;lucy saw to it that everyone got enough to eat;null;"

series,ÎàsÈ∫ÈôriÎêz,"null - a number of events, objects, or people of a similar or related kind coming one after another.. a set or sequence of related television or radio programmes.. another term for tone row.. denoting electrical circuits or components arranged so that the current passes through each successively.. (in chronostratigraphy) a range of strata corresponding to an epoch in time, being a subdivision of a system and itself subdivided into stages.. a set of elements with common properties or of compounds related in composition or structure.. a set of quantities constituting a progression or having the several values determined by a common relation.. a group of speech sounds having at least one phonetic feature in common but distinguished in other respects.. ","the explosion was the latest in a series of accidents;a new drama series;null;a series circuit;the pliocene series;the metals of the lanthanide series;null;the voiced plosive series b, d, g;"

sherlock,ÎàÍÉÈôÎêlÈík,"null - a person who investigates mysteries or shows great perceptiveness.. ","it doesn't take a sherlock to figure out that she's lying to me;"

should,ÍÉÍöd,"null - used to indicate obligation, duty, or correctness, typically when criticizing someone's actions.. used to indicate what is probable.. (expressing the conditional mood) referring to a possible event or situation.. used in a clause with ‚ê?that‚êô after a main clause describing feelings.. used in a clause with ‚ê?that‚êô expressing purpose.. (in the first person) expressing a polite request or acceptance.. (in the first person) expressing a conjecture or hope.. used to emphasize to a listener how striking an event is or was.. ","he should have been careful;‚º348 m should be enough to buy him out;if you should change your mind, i'll be at the hotel;it is astonishing that we should find violence here;in order that training should be effective it must be planned systematically;i should like some more, if i may;he'll have a sore head, i should imagine;you should have seen marge's face;"

sir,sÈôÎê,"null - used as a polite or respectful way of addressing a man, especially one in a position of authority.. ","excuse me, sir;"
sir.,null,"null - (in biblical references) sirach (in the apocrypha).. ","null;"

small,smÈîÎêl,"null - of a size that is less than normal or usual.. insignificant; unimportant.. null - small items of clothing, especially underwear.. a gratuity or small gift of money.. null - into small pieces.. ","the room was small and quiet;these are small points;null;null;cut the okra up small;"

specific,spÈôÎàsÈ∫fÈ∫k,"null - clearly defined or identified.. relating to species or a species.. (of a duty or a tax) levied at a fixed rate per physical unit of the thing taxed, regardless of its price.. of or denoting a number equal to the ratio of the value of some property of a given substance to the value of the same property of some other substance used as a reference, such as water, or of a vacuum, under equivalent conditions.. null - a medicine or remedy effective in treating a particular disease or part of the body.. a precise detail.. ","savings were made by increasing the electricity supply only until it met specific development needs;the differences between them can only be on the specific level;null;specific dielectric strength;he grasped at the idea as though she had offered him a specific for cancer;i wish i'd put more thought into the specifics;"

sure,ÍÉÈîÎê,"null - completely confident that one is right.. certain to receive, get, or do something.. true beyond any doubt.. showing confidence or assurance.. null - certainly (used for emphasis).. ","i'm sure i've seen that dress before;united are sure of a uefa cup place;what is sure is that learning is a complex business;the drawings impress by their sure sense of rhythm;texas sure was a great place to grow up;"

the,„∞Èô,"null - denoting one or more people or things already mentioned or assumed to be common knowledge.. used to point forward to a following qualifying or defining clause or phrase.. used to make a generalized reference to something rather than identifying a particular instance.. enough of (a particular thing).. (pronounced stressing ‚ê?the‚êô) used to indicate that someone or something is the best known or most important of that name or type.. used adverbially with comparatives to indicate how one amount or degree of something varies in relation to another.. ","what's the matter?;the fuss that he made of her;he taught himself to play the violin;he hoped to publish monthly, if only he could find the money;he was the hot young piano prospect in jazz;the more she thought about it, the more devastating it became;"

thing,Ó∏È∫Âã,"null - an object that one need not, cannot, or does not wish to give a specific name to.. an inanimate material object as distinct from a living sentient being.. an action, event, thought, or utterance.. what is needed or required.. one's special interest or inclination.. used to introduce or emphasize an important point.. ","look at that metal rail thing over there;i'm not a thing, not a work of art to be cherished;she said the first thing that came into her head;you need a tonic‚êîand here's just the thing;reading isn't my thing;the thing is, i am going to sell this house;"

this,„∞È∫s,"null - used to identify a specific person or thing close at hand or being indicated or experienced.. referring to a specific thing just mentioned.. null - used to identify a specific person or thing close at hand or being indicated or experienced.. referring to a specific thing just mentioned.. used with periods of time related to the present.. used in speech to draw attention to someone or something.. null - to the degree or extent indicated.. ","is this your bag?;the company was transformed and ward had played a vital role in bringing this about;don't listen to this guy;there was a court case resulting from this incident;i thought you were busy all this week;i turned round and there was this big mummy standing next to us!;they can't handle a job this big;"

to,tÈô,"null - expressing motion in the direction of (a particular location).. approaching or reaching (a particular condition).. identifying the person or thing affected by or receiving something.. identifying a particular relationship between one person and another.. indicating that two things are attached or linked.. concerning or likely to concern (something).. used to introduce the second element in a comparison.. placed before a debit entry in accounting.. null - used with the base form of a verb to indicate that the verb is in the infinitive.. used without a verb following when the missing verb is clearly understood.. null - so as to be closed or nearly closed.. ","walking down to the shops;christopher's expression changed from amazement to joy;you were terribly unkind to her;he is married to his cousin emma;he had left his dog tied to a drainpipe;a threat to world peace;the club's nothing to what it once was;null;null;he asked her to come but she said she didn't want to;he pulled the door to behind him;"

viewing,ÎàvjuÎêÈ∫Âã,"null - the action of inspecting or looking at something.. ","the owner may allow viewing by appointment;"
view,vjuÎê,"null - look at or inspect.. regard in a particular light or with a particular attitude.. ","the public can view the famous hall with its unique staircase;farmers are viewing the rise in rabbit numbers with concern;"

when,wÈõn,"null - at what time.. null - at or on which (referring to a time or circumstance).. null - at or during the time that.. after which; and just then (implying suddenness).. in view of the fact that; considering that.. although; whereas.. ","when did you last see him?;saturday is the day when i get my hair done;i loved maths when i was at school;he had just drifted off to sleep when the phone rang;why bother to paint it when you can photograph it with the same effect?;i'm saying it now when i should have told you long ago;"

without,wÈ∫„∞ÎàaÍöt,"null - in the absence of.. outside.. null - outside.. null - without it being the case that.. ","he went to sweden without her;the barbarians without the gates;the enemy without;he won't be able to go without we know it;"

write,rÍúÈ∫t,"null - mark (letters, words, or other symbols) on a surface, typically paper, with a pen, pencil, or similar implement.. compose, write, and send (a letter) to someone.. compose (a text or work) for written or printed reproduction or publication; put into literary form and set down in writing.. enter (data) into an electronic or magnetic storage device, or into a particular location in a computer‚êôs file system.. underwrite (an insurance policy).. ","he wrote his name on the paper;i wrote a letter to alison;she wrote a bestselling novel;files can be read and written directly into the file system;null;"

you,juÎê,"null - used to refer to the person or people that the speaker is addressing.. used to refer to any person in general.. ","are you listening?;after a while, you get used to it;"

your,jÈîÎê,"null - belonging to or associated with the person or people that the speaker is addressing.. belonging to or associated with any person in general.. used when addressing the holder of certain titles.. ","what is your name?;the sight is enough to break your heart;your majesty;"

